model,dataset,family,corruption,severity,conf_thresh,loc_stability_iou,loc_center_shift,loc_iou_clean,loc_iou_corrupt,loc_iou_drop,n_common
fasterrcnn,heridal,flood,water_glare,1,0.99,0.9960590963668011,0.0011395312601130269,0.8377398394523783,0.8369395854625296,0.0008002539898487315,235
fasterrcnn,heridal,flood,water_glare,2,0.99,0.9959837552867358,0.000843624136287996,0.8348854324988675,0.8343862647245704,0.000499167774297038,237
fasterrcnn,heridal,flood,water_glare,3,0.99,0.9881762251691911,0.003190630982948989,0.8356463703715685,0.8294950333035108,0.006151337068057705,206
fasterrcnn,heridal,flood,turbidity_cast,1,0.99,0.9531940809741819,0.010195222622804487,0.845881225836223,0.8374690729029038,0.008412152933319206,221
fasterrcnn,heridal,flood,turbidity_cast,2,0.99,0.9218930332891403,0.017345395370108645,0.8692362212365673,0.8522453048536854,0.01699091638288186,124
fasterrcnn,heridal,flood,turbidity_cast,3,0.99,0.9184518158435822,0.021739777497714385,0.8972763270139694,0.8945009261369705,0.0027754008769989014,8
fasterrcnn,heridal,flood,inundation,1,0.99,0.9837631146958534,0.0037968450414946663,0.8388443475073957,0.8345713846226956,0.004272962884700027,235
fasterrcnn,heridal,flood,inundation,2,0.99,0.9677866394679571,0.00764134089306469,0.8364754823065296,0.8257124574528527,0.010763024853676861,194
fasterrcnn,heridal,flood,inundation,3,0.99,0.9696284166169823,0.006817782636368334,0.8430041227865657,0.8332113104129056,0.009792812373660031,109
fasterrcnn,heridal,wildfire,smoke_haze,1,0.99,0.9551156194864121,0.00985270328372892,0.8420296358851205,0.8354260483674244,0.0066035875176960745,226
fasterrcnn,heridal,wildfire,smoke_haze,2,0.99,0.9387783858665201,0.012255381302756453,0.851804087674895,0.8488360539425251,0.002968033732369868,172
fasterrcnn,heridal,wildfire,smoke_haze,3,0.99,0.921455597390934,0.017776558187562137,0.8714540454806113,0.870374899737689,0.0010791457429223383,49
fasterrcnn,heridal,wildfire,fire_warm_tint,1,0.99,0.9582704088422987,0.008248495594080951,0.846235200299157,0.8366849904590182,0.009550209840138768,225
fasterrcnn,heridal,wildfire,fire_warm_tint,2,0.99,0.9352070838212967,0.013450704933044713,0.8524256749078631,0.8370284286017219,0.015397246306141255,192
fasterrcnn,heridal,wildfire,fire_warm_tint,3,0.99,0.9261879249855324,0.015958567882491344,0.8623586107183385,0.8478006998697917,0.014557910848546851,135
fasterrcnn,heridal,storm,rain_streaks,1,0.99,0.9194198272846363,0.017270195958392125,0.8447680892767729,0.8325494436754121,0.012218645601360878,216
fasterrcnn,heridal,storm,rain_streaks,2,0.99,0.8265483869265203,0.043060740806825766,0.8538191743092994,0.7833244237181258,0.0704947505911736,73
fasterrcnn,heridal,storm,rain_streaks,3,0.99,0.7541623711585999,0.048785947263240814,0.9083542823791504,0.7558499574661255,0.1525043249130249,1
fasterrcnn,heridal,storm,motion_blur,1,0.99,0.711549311876297,0.06192849623039365,0.9222157597541809,0.7292570322751999,0.19295872747898102,4
fasterrcnn,heridal,storm,motion_blur,2,0.99,nan,nan,nan,nan,nan,0
fasterrcnn,heridal,storm,motion_blur,3,0.99,nan,nan,nan,nan,nan,0
fasterrcnn,heridal,storm,low_light,1,0.99,0.8804902556716212,0.02872404485126797,0.8538092374801636,0.8236675747972451,0.030141662682918513,151
fasterrcnn,heridal,storm,low_light,2,0.99,0.8301218814320035,0.04433826990942988,0.8627205424838595,0.8202687121099896,0.0424518303738699,36
fasterrcnn,heridal,storm,low_light,3,0.99,nan,nan,nan,nan,nan,0
fasterrcnn,heridal,earthquake,dust_haze,1,0.99,0.9493374496993452,0.010678503015579996,0.8495895691437296,0.8408661145384949,0.008723454605234715,202
fasterrcnn,heridal,earthquake,dust_haze,2,0.99,0.9233939642536229,0.01564719501791466,0.8567268170159439,0.8466638496209835,0.010062967394960376,116
fasterrcnn,heridal,earthquake,dust_haze,3,0.99,0.9247321667093219,0.017527396307383297,0.8788389816428676,0.8705461368416295,0.008292844801238042,33
rtdetr,heridal,flood,water_glare,1,0.65,0.9935378972440958,0.0015001097486910808,0.8387496545910835,0.8367290815804154,0.0020205730106681585,256
rtdetr,heridal,flood,water_glare,2,0.65,0.9917800662564297,0.0018960950241798142,0.8406179112546585,0.8373135003389097,0.0033044109157487345,255
rtdetr,heridal,flood,water_glare,3,0.65,0.9846043915492002,0.0045384495322247,0.8400413623839751,0.833779382331489,0.006261980052486127,223
rtdetr,heridal,flood,turbidity_cast,1,0.65,0.9581519811722026,0.009444079381278832,0.8465965996227504,0.8462011487414148,0.000395450881335524,239
rtdetr,heridal,flood,turbidity_cast,2,0.65,0.9261469926662788,0.01705460025703055,0.8525504234308254,0.8367143872969165,0.015836036133908937,167
rtdetr,heridal,flood,turbidity_cast,3,0.65,0.9228278483663287,0.01785740490803229,0.8733031962599073,0.8483395917075021,0.024963604552405205,14
rtdetr,heridal,flood,inundation,1,0.65,0.9857404453544324,0.0030756208045145165,0.8401064875025402,0.8377818684468324,0.0023246190557077995,261
rtdetr,heridal,flood,inundation,2,0.65,0.9707231793487281,0.006818738964659637,0.8429365976337801,0.8385655391111708,0.004371058522609328,228
rtdetr,heridal,flood,inundation,3,0.65,0.9503203165531159,0.011582612317185218,0.8521995373566945,0.8388317958513896,0.013367741505304953,150
rtdetr,heridal,wildfire,smoke_haze,1,0.65,0.9566580419205437,0.009774271674547537,0.8434514238322077,0.8392272820650053,0.004224141767202427,242
rtdetr,heridal,wildfire,smoke_haze,2,0.65,0.9360408331498061,0.01462182276830363,0.8503525838403418,0.8392349157002893,0.01111766814005255,202
rtdetr,heridal,wildfire,smoke_haze,3,0.65,0.910802746621462,0.019291291670434967,0.8603613898158073,0.8363394416295565,0.024021948186250808,104
rtdetr,heridal,wildfire,fire_warm_tint,1,0.65,0.9402726827108342,0.014543735917275468,0.8498725625483886,0.841804577604584,0.008067984943804563,184
rtdetr,heridal,wildfire,fire_warm_tint,2,0.65,0.9269598165115753,0.017124123284714174,0.8683164127461322,0.8462504086556373,0.022066004090494973,77
rtdetr,heridal,wildfire,fire_warm_tint,3,0.65,0.9087771465038431,0.018280378775671124,0.8679886378090957,0.8314469025052827,0.036541735303812994,29
rtdetr,heridal,storm,rain_streaks,1,0.65,0.8768151274947233,0.025043367752859497,0.8474523322526799,0.8164276059283767,0.031024726324303198,215
rtdetr,heridal,storm,rain_streaks,2,0.65,0.7597474922304568,0.05379142054100183,0.851236357205156,0.7456703825273375,0.10556597467781847,69
rtdetr,heridal,storm,rain_streaks,3,0.65,0.8043416738510132,0.05436836555600166,0.8615410327911377,0.7609728574752808,0.10056817531585693,1
rtdetr,heridal,storm,motion_blur,1,0.65,0.6903051733970642,0.07949090749025345,0.8615410327911377,0.7275940179824829,0.13394701480865479,1
rtdetr,heridal,storm,motion_blur,2,0.65,nan,nan,nan,nan,nan,0
rtdetr,heridal,storm,motion_blur,3,0.65,nan,nan,nan,nan,nan,0
rtdetr,heridal,storm,low_light,1,0.65,nan,nan,nan,nan,nan,0
rtdetr,heridal,storm,low_light,2,0.65,nan,nan,nan,nan,nan,0
rtdetr,heridal,storm,low_light,3,0.65,nan,nan,nan,nan,nan,0
rtdetr,heridal,earthquake,dust_haze,1,0.65,0.9372948595291175,0.014677495988235463,0.8499987496845964,0.8407629495081694,0.009235800176427,207
rtdetr,heridal,earthquake,dust_haze,2,0.65,0.9057335790533286,0.02456107195121149,0.8613635960679787,0.8394547981711534,0.021908797896825316,104
rtdetr,heridal,earthquake,dust_haze,3,0.65,0.8586066390077273,0.04280810234680151,0.8592390219370524,0.8145370135704676,0.04470200836658478,24
yolo11,heridal,flood,water_glare,1,0.45,0.9938816667560593,0.0014689667447146532,0.8247847813200281,0.8234639624993964,0.0013208188206317306,249
yolo11,heridal,flood,water_glare,2,0.45,0.9933621832716321,0.0017154042300801034,0.8243906389363864,0.8230749011522362,0.0013157377841501727,247
yolo11,heridal,flood,water_glare,3,0.45,0.9853827953338623,0.0037135192299897093,0.8252104403228935,0.818345049105653,0.006865391217240502,218
yolo11,heridal,flood,turbidity_cast,1,0.45,0.9409039790320289,0.014076614711823093,0.8285325525052879,0.8230830088859181,0.005449543619369779,223
yolo11,heridal,flood,turbidity_cast,2,0.45,0.9073505657873336,0.022164001071359962,0.8395137475554351,0.8260377189915651,0.01347602856386998,157
yolo11,heridal,flood,turbidity_cast,3,0.45,0.9077369700778615,0.020014797343703157,0.8657748059792952,0.8489752791144631,0.016799526864832104,55
yolo11,heridal,flood,inundation,1,0.45,0.9817165531307818,0.004850360886492977,0.824339273943001,0.8271481911820101,-0.002808917239009112,249
yolo11,heridal,flood,inundation,2,0.45,0.9686951894330752,0.007259837940932488,0.8283589767618766,0.8202232339935845,0.008135742768292098,211
yolo11,heridal,flood,inundation,3,0.45,0.9551469945546353,0.010711670988636493,0.8334160627740802,0.8269177837805315,0.006498278993548712,132
yolo11,heridal,wildfire,smoke_haze,1,0.45,0.9358808282273927,0.015867798382150876,0.8301270498948938,0.8275888349136077,0.0025382149812861465,221
yolo11,heridal,wildfire,smoke_haze,2,0.45,0.9048147441988642,0.02410288437055318,0.8433479883454063,0.8324843573976647,0.010863630947741565,176
yolo11,heridal,wildfire,smoke_haze,3,0.45,0.8748111382678703,0.029689790475768623,0.8463780985938179,0.8250403028947336,0.021337795699084228,135
yolo11,heridal,wildfire,fire_warm_tint,1,0.45,0.9233376666903496,0.01698856644303305,0.8357796794176102,0.8213790601491928,0.014400619268417403,200
yolo11,heridal,wildfire,fire_warm_tint,2,0.45,0.893126076600683,0.024581668259553963,0.8374687639747079,0.8120661049377261,0.0254026590369818,127
yolo11,heridal,wildfire,fire_warm_tint,3,0.45,0.8955256184753106,0.02250229627635254,0.851337938892598,0.8239844599548651,0.027353478937732878,49
yolo11,heridal,storm,rain_streaks,1,0.45,0.8748824140964411,0.024610152087645987,0.8326479645875784,0.8178150342060969,0.01483293038148148,195
yolo11,heridal,storm,rain_streaks,2,0.45,0.8024978367524727,0.04239485819147308,0.8350641058984204,0.7853463147288171,0.04971779116960329,107
yolo11,heridal,storm,rain_streaks,3,0.45,0.6844214151302973,0.08726119488063785,0.832144581609302,0.6691881053977542,0.16295647621154785,18
yolo11,heridal,storm,motion_blur,1,0.45,0.6237497513785082,0.05051509171779103,0.8655463369453654,0.6438705710803762,0.22167576586498927,34
yolo11,heridal,storm,motion_blur,2,0.45,0.5587773621082306,0.07112815696746111,0.8643191854159037,0.6096015473206838,0.25471763809521986,6
yolo11,heridal,storm,motion_blur,3,0.45,0.46014511585235596,0.03773349151015282,0.6345516443252563,0.5227140188217163,0.11183762550354004,1
yolo11,heridal,storm,low_light,1,0.45,0.7544067998727163,0.052532337481776874,0.8402220686276753,0.7392309586207072,0.10099111000696814,15
yolo11,heridal,storm,low_light,2,0.45,nan,nan,nan,nan,nan,0
yolo11,heridal,storm,low_light,3,0.45,nan,nan,nan,nan,nan,0
yolo11,heridal,earthquake,dust_haze,1,0.45,0.9153157920433731,0.019793254617113797,0.8358731537899643,0.8156986031582747,0.020174550631689603,189
yolo11,heridal,earthquake,dust_haze,2,0.45,0.9005541597093855,0.0231765689272877,0.8482710270654588,0.8200606902440389,0.028210336821419824,105
yolo11,heridal,earthquake,dust_haze,3,0.45,0.8989069632121495,0.02261444978149874,0.8671799097742353,0.8334026575088501,0.033777252265385194,35
